{
    "name": "root",
    "gauges": {
        "FlappyAgent.Policy.Entropy.mean": {
            "value": 0.4767412841320038,
            "min": 0.43897539377212524,
            "max": 0.48560670018196106,
            "count": 25
        },
        "FlappyAgent.Policy.Entropy.sum": {
            "value": 953.4825439453125,
            "min": 877.9508056640625,
            "max": 971.21337890625,
            "count": 25
        },
        "FlappyAgent.Step.mean": {
            "value": 49800.0,
            "min": 1800.0,
            "max": 49800.0,
            "count": 25
        },
        "FlappyAgent.Step.sum": {
            "value": 49800.0,
            "min": 1800.0,
            "max": 49800.0,
            "count": 25
        },
        "FlappyAgent.Policy.ExtrinsicValueEstimate.mean": {
            "value": 1.8483339548110962,
            "min": -1.9150159358978271,
            "max": 1.999314308166504,
            "count": 25
        },
        "FlappyAgent.Policy.ExtrinsicValueEstimate.sum": {
            "value": 18.483339309692383,
            "min": -19.15015983581543,
            "max": 19.99314308166504,
            "count": 25
        },
        "FlappyAgent.Policy.GailValueEstimate.mean": {
            "value": 25.750524520874023,
            "min": 25.297048568725586,
            "max": 30.33475112915039,
            "count": 25
        },
        "FlappyAgent.Policy.GailValueEstimate.sum": {
            "value": 257.5052490234375,
            "min": 252.97048950195312,
            "max": 273.01275634765625,
            "count": 25
        },
        "FlappyAgent.Environment.EpisodeLength.mean": {
            "value": 999.0,
            "min": 999.0,
            "max": 999.0,
            "count": 25
        },
        "FlappyAgent.Environment.EpisodeLength.sum": {
            "value": 1998.0,
            "min": 1998.0,
            "max": 1998.0,
            "count": 25
        },
        "FlappyAgent.Environment.CumulativeReward.mean": {
            "value": 21.5,
            "min": -27.0,
            "max": 23.0,
            "count": 25
        },
        "FlappyAgent.Environment.CumulativeReward.sum": {
            "value": 43.0,
            "min": -52.0,
            "max": 46.0,
            "count": 25
        },
        "FlappyAgent.Policy.ExtrinsicReward.mean": {
            "value": 21.5,
            "min": -27.0,
            "max": 23.0,
            "count": 25
        },
        "FlappyAgent.Policy.ExtrinsicReward.sum": {
            "value": 43.0,
            "min": -52.0,
            "max": 46.0,
            "count": 25
        },
        "FlappyAgent.Policy.GailReward.mean": {
            "value": 255.89819717407227,
            "min": 228.53598022460938,
            "max": 272.40002059936523,
            "count": 25
        },
        "FlappyAgent.Policy.GailReward.sum": {
            "value": 511.79639434814453,
            "min": 228.53598022460938,
            "max": 544.8000411987305,
            "count": 25
        },
        "FlappyAgent.Losses.PolicyLoss.mean": {
            "value": 0.04138786916155368,
            "min": 0.025097523039827742,
            "max": 0.058239085755000516,
            "count": 25
        },
        "FlappyAgent.Losses.PolicyLoss.sum": {
            "value": 0.08277573832310736,
            "min": 0.030337846837937832,
            "max": 0.11647817151000103,
            "count": 25
        },
        "FlappyAgent.Losses.ValueLoss.mean": {
            "value": 0.8369390318791071,
            "min": 0.5468701682984829,
            "max": 4.118993878364563,
            "count": 25
        },
        "FlappyAgent.Losses.ValueLoss.sum": {
            "value": 1.6738780637582142,
            "min": 0.5470596825083097,
            "max": 4.185207506020864,
            "count": 25
        },
        "FlappyAgent.Policy.LearningRate.mean": {
            "value": 8.400097200000008e-06,
            "min": 8.400097200000008e-06,
            "max": 0.00029280000240000003,
            "count": 25
        },
        "FlappyAgent.Policy.LearningRate.sum": {
            "value": 1.6800194400000016e-05,
            "min": 1.6800194400000016e-05,
            "max": 0.0005640000119999999,
            "count": 25
        },
        "FlappyAgent.Policy.Epsilon.mean": {
            "value": 0.1028,
            "min": 0.1028,
            "max": 0.1976,
            "count": 25
        },
        "FlappyAgent.Policy.Epsilon.sum": {
            "value": 0.2056,
            "min": 0.10640000000000001,
            "max": 0.38800000000000007,
            "count": 25
        },
        "FlappyAgent.Policy.Beta.mean": {
            "value": 2.372000000000001e-05,
            "min": 2.372000000000001e-05,
            "max": 0.00048824,
            "count": 25
        },
        "FlappyAgent.Policy.Beta.sum": {
            "value": 4.744000000000002e-05,
            "min": 4.135999999999996e-05,
            "max": 0.0009411999999999999,
            "count": 25
        },
        "FlappyAgent.Policy.GAILPolicyEstimate.mean": {
            "value": 0.46310480932394665,
            "min": 0.42913465946912766,
            "max": 0.47286207228899,
            "count": 25
        },
        "FlappyAgent.Policy.GAILPolicyEstimate.sum": {
            "value": 0.9262096186478933,
            "min": 0.43499330927928287,
            "max": 0.9446373209357262,
            "count": 25
        },
        "FlappyAgent.Policy.GAILExpertEstimate.mean": {
            "value": 0.5411359618107479,
            "min": 0.5256814683477083,
            "max": 0.5875800947348276,
            "count": 25
        },
        "FlappyAgent.Policy.GAILExpertEstimate.sum": {
            "value": 1.0822719236214957,
            "min": 0.5307456851005554,
            "max": 1.159992754459381,
            "count": 25
        },
        "FlappyAgent.Losses.GAILLoss.mean": {
            "value": 1.2717071771621704,
            "min": 1.1685112118721008,
            "max": 1.3067611356576285,
            "count": 25
        },
        "FlappyAgent.Losses.GAILLoss.sum": {
            "value": 2.543414354324341,
            "min": 1.1795207957426708,
            "max": 2.613522271315257,
            "count": 25
        },
        "FlappyAgent.Policy.GAILGradMagLoss.mean": {
            "value": 0.013260997366160154,
            "min": 0.012369382816056412,
            "max": 0.10836852962772052,
            "count": 25
        },
        "FlappyAgent.Policy.GAILGradMagLoss.sum": {
            "value": 0.02652199473232031,
            "min": 0.015046693617478013,
            "max": 0.1581620511909326,
            "count": 25
        },
        "FlappyAgent.Losses.PretrainingLoss.mean": {
            "value": 0.48900294303894043,
            "min": 0.43979724248250324,
            "max": 0.525409092505773,
            "count": 25
        },
        "FlappyAgent.Losses.PretrainingLoss.sum": {
            "value": 0.9780058860778809,
            "min": 0.43979724248250324,
            "max": 1.0271727641423543,
            "count": 25
        },
        "FlappyAgent.IsTraining.mean": {
            "value": 1.0,
            "min": 1.0,
            "max": 1.0,
            "count": 25
        },
        "FlappyAgent.IsTraining.sum": {
            "value": 1.0,
            "min": 1.0,
            "max": 1.0,
            "count": 25
        }
    },
    "metadata": {
        "timer_format_version": "0.1.0",
        "start_time_seconds": "1733677845",
        "python_version": "3.10.11 (tags/v3.10.11:7d4cc5a, Apr  5 2023, 00:38:17) [MSC v.1929 64 bit (AMD64)]",
        "command_line_arguments": "D:\\Workspace\\Unity\\ML-Agents\\venv\\Scripts\\mlagents-learn config/ppo/FlappyBird_run2.yaml --run-id=FlappyAgent_ImitationLearning2 --initialize-from=FlappyAgent_ImitationLearning --force",
        "mlagents_version": "1.1.0",
        "mlagents_envs_version": "1.1.0",
        "communication_protocol_version": "1.5.0",
        "pytorch_version": "2.2.2+cu121",