{
    "name": "root",
    "gauges": {
        "PressButtonAgent.Policy.Entropy.mean": {
            "value": 1.154729962348938,
            "min": 1.1330749988555908,
            "max": 2.8889410495758057,
            "count": 25
        },
        "PressButtonAgent.Policy.Entropy.sum": {
            "value": 2258.65185546875,
            "min": 2229.8916015625,
            "max": 6656.1201171875,
            "count": 25
        },
        "PressButtonAgent.Environment.EpisodeLength.mean": {
            "value": 273.8,
            "min": 66.75,
            "max": 273.8,
            "count": 25
        },
        "PressButtonAgent.Environment.EpisodeLength.sum": {
            "value": 1369.0,
            "min": 983.0,
            "max": 2707.0,
            "count": 25
        },
        "PressButtonAgent.Step.mean": {
            "value": 49941.0,
            "min": 1980.0,
            "max": 49941.0,
            "count": 25
        },
        "PressButtonAgent.Step.sum": {
            "value": 49941.0,
            "min": 1980.0,
            "max": 49941.0,
            "count": 25
        },
        "PressButtonAgent.Policy.ExtrinsicValueEstimate.mean": {
            "value": -0.012638198211789131,
            "min": -0.1650412678718567,
            "max": 0.0986042395234108,
            "count": 25
        },
        "PressButtonAgent.Policy.ExtrinsicValueEstimate.sum": {
            "value": -0.4044223427772522,
            "min": -6.7666916847229,
            "max": 3.451148509979248,
            "count": 25
        },
        "PressButtonAgent.Policy.GailValueEstimate.mean": {
            "value": 30.376779556274414,
            "min": 0.4342508018016815,
            "max": 31.01817512512207,
            "count": 25
        },
        "PressButtonAgent.Policy.GailValueEstimate.sum": {
            "value": 972.0569458007812,
            "min": 16.067279815673828,
            "max": 1090.7047119140625,
            "count": 25
        },
        "PressButtonAgent.Environment.CumulativeReward.mean": {
            "value": -0.2744398735463619,
            "min": -0.9423499861732125,
            "max": 0.2641901161521673,
            "count": 25
        },
        "PressButtonAgent.Environment.CumulativeReward.sum": {
            "value": -1.3721993677318096,
            "min": -15.0775997787714,
            "max": 5.283802323043346,
            "count": 25
        },
        "PressButtonAgent.Policy.ExtrinsicReward.mean": {
            "value": -0.02744398796930909,
            "min": -0.09423500421689823,
            "max": 0.026419003657065333,
            "count": 25
        },
        "PressButtonAgent.Policy.ExtrinsicReward.sum": {
            "value": -0.13721993984654546,
            "min": -1.5077600674703717,
            "max": 0.5283800731413066,
            "count": 25
        },
        "PressButtonAgent.Policy.GailReward.mean": {
            "value": 111.94897685050964,
            "min": 45.74604058265686,
            "max": 116.32903460093907,
            "count": 25
        },
        "PressButtonAgent.Policy.GailReward.sum": {
            "value": 559.7448842525482,
            "min": 559.7448842525482,
            "max": 1754.4125518798828,
            "count": 25
        },
        "PressButtonAgent.Losses.PolicyLoss.mean": {
            "value": 0.04847186176145139,
            "min": 0.029549480367374294,
            "max": 0.0571643637898281,
            "count": 25
        },
        "PressButtonAgent.Losses.PolicyLoss.sum": {
            "value": 0.09694372352290279,
            "min": 0.03886711717738459,
            "max": 0.1143287275796562,
            "count": 25
        },
        "PressButtonAgent.Losses.ValueLoss.mean": {
            "value": 23.971569299697876,
            "min": 23.971569299697876,
            "max": 233.551025390625,
            "count": 25
        },
        "PressButtonAgent.Losses.ValueLoss.sum": {
            "value": 47.94313859939575,
            "min": 46.66385300954183,
            "max": 467.10205078125,
            "count": 25
        },
        "PressButtonAgent.Policy.LearningRate.mean": {
            "value": 4.2720985759999924e-06,
            "min": 4.2720985759999924e-06,
            "max": 0.00029196000267999996,
            "count": 25
        },
        "PressButtonAgent.Policy.LearningRate.sum": {
            "value": 8.544197151999985e-06,
            "min": 8.544197151999985e-06,
            "max": 0.000564942011686,
            "count": 25
        },
        "PressButtonAgent.Policy.Epsilon.mean": {
            "value": 0.101424,
            "min": 0.101424,
            "max": 0.19731999999999997,
            "count": 25
        },
        "PressButtonAgent.Policy.Epsilon.sum": {
            "value": 0.202848,
            "min": 0.12986000000000003,
            "max": 0.38831400000000005,
            "count": 25
        },
        "PressButtonAgent.Policy.Beta.mean": {
            "value": 1.6977599999999988e-05,
            "min": 1.6977599999999988e-05,
            "max": 0.00048686799999999984,
            "count": 25
        },
        "PressButtonAgent.Policy.Beta.sum": {
            "value": 3.3955199999999976e-05,
            "min": 3.3955199999999976e-05,
            "max": 0.0009427385999999998,
            "count": 25
        },
        "PressButtonAgent.Policy.GAILPolicyEstimate.mean": {
            "value": 0.3010686784982681,
            "min": 0.3010686784982681,
            "max": 0.492572815467914,
            "count": 25
        },
        "PressButtonAgent.Policy.GAILPolicyEstimate.sum": {
            "value": 0.6021373569965363,
            "min": 0.374384177227815,
            "max": 0.985145630935828,
            "count": 25
        },
        "PressButtonAgent.Policy.GAILExpertEstimate.mean": {
            "value": 0.5314012741049131,
            "min": 0.5030352711677551,
            "max": 0.6768698394298553,
            "count": 25
        },
        "PressButtonAgent.Policy.GAILExpertEstimate.sum": {
            "value": 1.0628025482098262,
            "min": 0.5030352711677551,
            "max": 1.3286716987689338,
            "count": 25
        },
        "PressButtonAgent.Losses.GAILLoss.mean": {
            "value": 1.124358137448629,
            "min": 1.024315948287646,
            "max": 1.399927705526352,
            "count": 25
        },
        "PressButtonAgent.Losses.GAILLoss.sum": {
            "value": 2.248716274897258,
            "min": 1.1693851153055828,
            "max": 2.799855411052704,
            "count": 25
        },
        "PressButtonAgent.Policy.GAILGradMagLoss.mean": {
            "value": 0.6021886815627415,
            "min": 0.5370848750074704,
            "max": 9.137144406636557,
            "count": 25
        },
        "PressButtonAgent.Policy.GAILGradMagLoss.sum": {
            "value": 1.204377363125483,
            "min": 1.0741697500149407,
            "max": 15.100843071937561,
            "count": 25
        },
        "PressButtonAgent.Losses.PretrainingLoss.mean": {
            "value": 0.3317814982599682,
            "min": 0.3303955876164966,
            "max": 0.94949961370892,
            "count": 25
        },
        "PressButtonAgent.Losses.PretrainingLoss.sum": {
            "value": 0.6635629965199364,
            "min": 0.3419944875770145,
            "max": 1.6799190839131672,
            "count": 25
        },
        "PressButtonAgent.IsTraining.mean": {
            "value": 1.0,
            "min": 1.0,
            "max": 1.0,
            "count": 25
        },
        "PressButtonAgent.IsTraining.sum": {
            "value": 1.0,
            "min": 1.0,
            "max": 1.0,
            "count": 25
        }
    },
    "metadata": {
        "timer_format_version": "0.1.0",
        "start_time_seconds": "1733332755",
        "python_version": "3.10.11 (tags/v3.10.11:7d4cc5a, Apr  5 2023, 00:38:17) [MSC v.1929 64 bit (AMD64)]",