{
    "name": "root",
    "gauges": {
        "PressButtonAgent.Policy.Entropy.mean": {
            "value": 1.2304860353469849,
            "min": 1.2304860353469849,
            "max": 1.657264232635498,
            "count": 31
        },
        "PressButtonAgent.Policy.Entropy.sum": {
            "value": 2480.659912109375,
            "min": 2248.4111328125,
            "max": 3819.789306640625,
            "count": 31
        },
        "PressButtonAgent.Environment.EpisodeLength.mean": {
            "value": 881.0,
            "min": 88.73333333333333,
            "max": 881.0,
            "count": 31
        },
        "PressButtonAgent.Environment.EpisodeLength.sum": {
            "value": 1762.0,
            "min": 584.0,
            "max": 3963.0,
            "count": 31
        },
        "PressButtonAgent.Step.mean": {
            "value": 61989.0,
            "min": 1993.0,
            "max": 61989.0,
            "count": 31
        },
        "PressButtonAgent.Step.sum": {
            "value": 61989.0,
            "min": 1993.0,
            "max": 61989.0,
            "count": 31
        },
        "PressButtonAgent.Policy.ExtrinsicValueEstimate.mean": {
            "value": -0.21472901105880737,
            "min": -0.21472901105880737,
            "max": 0.7455054521560669,
            "count": 31
        },
        "PressButtonAgent.Policy.ExtrinsicValueEstimate.sum": {
            "value": -6.871328353881836,
            "min": -6.871328353881836,
            "max": 28.745254516601562,
            "count": 31
        },
        "PressButtonAgent.Policy.GailValueEstimate.mean": {
            "value": 10.033187866210938,
            "min": 6.93362283706665,
            "max": 14.085128784179688,
            "count": 31
        },
        "PressButtonAgent.Policy.GailValueEstimate.sum": {
            "value": 321.06201171875,
            "min": 255.81201171875,
            "max": 550.3023681640625,
            "count": 31
        },
        "PressButtonAgent.Environment.CumulativeReward.mean": {
            "value": -2.1740000545978546,
            "min": -2.1740000545978546,
            "max": 3.1567999124526978,
            "count": 31
        },
        "PressButtonAgent.Environment.CumulativeReward.sum": {
            "value": -2.1740000545978546,
            "min": -6.581000231206417,
            "max": 37.74600337445736,
            "count": 31
        },
        "PressButtonAgent.Policy.ExtrinsicReward.mean": {
            "value": -2.1740000545978546,
            "min": -2.1740000545978546,
            "max": 3.1567999124526978,
            "count": 31
        },
        "PressButtonAgent.Policy.ExtrinsicReward.sum": {
            "value": -2.1740000545978546,
            "min": -6.581000231206417,
            "max": 37.74600337445736,
            "count": 31
        },
        "PressButtonAgent.Policy.GailReward.mean": {
            "value": 93.22009468078613,
            "min": 11.035089313983917,
            "max": 93.22009468078613,
            "count": 31
        },
        "PressButtonAgent.Policy.GailReward.sum": {
            "value": 93.22009468078613,
            "min": 47.22836709022522,
            "max": 425.8966947197914,
            "count": 31
        },
        "PressButtonAgent.Losses.PolicyLoss.mean": {
            "value": 0.034315795561572784,
            "min": 0.02569066582752081,
            "max": 0.062237672857008874,
            "count": 31
        },
        "PressButtonAgent.Losses.PolicyLoss.sum": {
            "value": 0.06863159112314557,
            "min": 0.026919147004567396,
            "max": 0.10439048471744172,
            "count": 31
        },
        "PressButtonAgent.Losses.ValueLoss.mean": {
            "value": 0.739813011760513,
            "min": 0.2384600779041648,
            "max": 13.514438549677532,
            "count": 31
        },
        "PressButtonAgent.Losses.ValueLoss.sum": {
            "value": 1.479626023521026,
            "min": 0.4769201558083296,
            "max": 27.028877099355064,
            "count": 31
        },
        "PressButtonAgent.Policy.LearningRate.mean": {
            "value": 0.00011624106125299999,
            "min": 0.00011624106125299999,
            "max": 0.00029623800125399993,
            "count": 31
        },
        "PressButtonAgent.Policy.LearningRate.sum": {
            "value": 0.00023248212250599997,
            "min": 0.000158886047038,
            "max": 0.0005830740056419999,
            "count": 31
        },
        "PressButtonAgent.Policy.Epsilon.mean": {
            "value": 0.13874700000000004,
            "min": 0.13874700000000004,
            "max": 0.198746,
            "count": 31
        },
        "PressButtonAgent.Policy.Epsilon.sum": {
            "value": 0.2774940000000001,
            "min": 0.15296200000000001,
            "max": 0.39435800000000004,
            "count": 31
        },
        "PressButtonAgent.Policy.Beta.mean": {
            "value": 0.00019986030000000002,
            "min": 0.00019986030000000002,
            "max": 0.0004938553999999999,
            "count": 31
        },
        "PressButtonAgent.Policy.Beta.sum": {
            "value": 0.00039972060000000004,
            "min": 0.00026951380000000004,
            "max": 0.0009723541999999999,
            "count": 31
        },
        "PressButtonAgent.Policy.GAILPolicyEstimate.mean": {
            "value": 0.3378531721731027,
            "min": 0.31144938742121064,
            "max": 0.37629857286810875,
            "count": 31
        },
        "PressButtonAgent.Policy.GAILPolicyEstimate.sum": {
            "value": 0.6757063443462054,
            "min": 0.323940431078275,
            "max": 0.7525971457362175,
            "count": 31
        },
        "PressButtonAgent.Policy.GAILExpertEstimate.mean": {
            "value": 0.7037434230248133,
            "min": 0.6581465105215709,
            "max": 0.7166488915681839,
            "count": 31
        },
        "PressButtonAgent.Policy.GAILExpertEstimate.sum": {
            "value": 1.4074868460496266,
            "min": 0.6771955986817678,
            "max": 1.4249372233947117,
            "count": 31
        },
        "PressButtonAgent.Losses.GAILLoss.mean": {
            "value": 0.8362705931067467,
            "min": 0.8015400841832161,
            "max": 0.9471981450915337,
            "count": 31
        },
        "PressButtonAgent.Losses.GAILLoss.sum": {
            "value": 1.6725411862134933,
            "min": 0.8200647234916687,
            "max": 1.8943962901830673,
            "count": 31
        },
        "PressButtonAgent.Policy.GAILGradMagLoss.mean": {
            "value": 0.1027253990372022,
            "min": 0.08713875757530332,
            "max": 0.6336982895930608,
            "count": 31
        },
        "PressButtonAgent.Policy.GAILGradMagLoss.sum": {
            "value": 0.2054507980744044,
            "min": 0.14861739488939443,
            "max": 0.9392172743876775,
            "count": 31
        },
        "PressButtonAgent.Losses.PretrainingLoss.mean": {
            "value": 0.33412323892116547,
            "min": 0.33412323892116547,
            "max": 0.35268160700798035,
            "count": 31
        },
        "PressButtonAgent.Losses.PretrainingLoss.sum": {
            "value": 0.6682464778423309,
            "min": 0.3440725803375244,
            "max": 0.7053632140159607,
            "count": 31
        },
        "PressButtonAgent.IsTraining.mean": {
            "value": 1.0,
            "min": 1.0,
            "max": 1.0,
            "count": 31
        },
        "PressButtonAgent.IsTraining.sum": {
            "value": 1.0,
            "min": 1.0,
            "max": 1.0,
            "count": 31
        }
    },
    "metadata": {
        "timer_format_version": "0.1.0",
        "start_time_seconds": "1733335372",
        "python_version": "3.10.11 (tags/v3.10.11:7d4cc5a, Apr  5 2023, 00:38:17) [MSC v.1929 64 bit (AMD64)]",